feed_id,hashtag_id,creation_time
1,82,2021-10-30 13:24:44.48495+09
1,10,2021-10-30 13:24:44.48495+09
1,84,2021-10-30 13:24:44.48495+09
1,85,2021-10-30 13:24:44.48495+09
2,89,2021-10-30 13:24:44.48495+09
2,87,2021-10-30 13:24:44.48495+09
2,88,2021-10-30 13:24:44.48495+09
2,90,2021-10-30 13:24:44.48495+09
2,86,2021-10-30 13:24:44.48495+09
3,92,2021-10-30 13:24:44.48495+09
3,93,2021-10-30 13:24:44.48495+09
3,74,2021-10-30 13:24:44.48495+09
3,94,2021-10-30 13:24:44.48495+09
4,97,2021-10-30 13:24:44.48495+09
4,96,2021-10-30 13:24:44.48495+09
4,67,2021-10-30 13:24:44.48495+09
4,98,2021-10-30 13:24:44.48495+09
5,101,2021-10-30 13:24:44.48495+09
5,99,2021-10-30 13:24:44.48495+09
5,46,2021-10-30 13:24:44.48495+09
5,103,2021-10-30 13:24:44.48495+09
5,57,2021-10-30 13:24:44.48495+09
6,105,2021-10-30 13:24:44.48495+09
6,106,2021-10-30 13:24:44.48495+09
6,104,2021-10-30 13:24:44.48495+09
6,107,2021-10-30 13:24:44.48495+09
